ID,Date,Action,Length,Ethnicity,Behavior
49816268,01/02/2026,ISS,1,Hispanic,Disrespect
77144527,2026-01-27,OSS,2,Hispanic,Vandalism
63332469,01/02/2026,ISS,1,Hispanic,Disrespect
28539672,04/30/2026,OSS,2,Black,Fighting
96098515,2026-01-04,OSS,2,Black,Vandalism
65157316,10/26/2025,OSS,2,Hispanic,Disrespect
94701675,2026-04-22,ISS,1,White,Drug possession
29945653,2026-04-01,OSS,2,Black,Weapon possession
18462307,2025-10-21,ISS,1,Black,Vandalism
32667135,2025-10-21,OSS,2,Black,Vandalism
28539672,2025-11-15,OSS,2,Black,Defiance
37049307,2026-04-22,OSS,1,White,Drug possession
44008918,2025-10-21,ISS,1,Black,Vandalism
55633513,01/02/2026,OSS,2,Hispanic,Disrespect
76209468,11/10/2025,OSS,2,Black,Weapon possession
53294131,02/12/2026,OSS,2,Black,Disruption
68107542,01/02/2026,ISS,1,Hispanic,Disrespect
82160267,2026-04-22,ISS,1,White,Drug possession
13721062,2025-10-21,ISS,1,Black,Vandalism
75229950,2026-04-22,ISS,1,White,Drug possession
46548174,03/28/2026,OSS,2,Black,Defiance
19702693,12/21/2025,OSS,2,Black,Disrespect
29945653,10/25/2025,OSS,2,Black,Disrespect
